{
  "confessions": [
    {
      "id": 1,
      "content": "yasir ölsün",
      "authorId": "473436403351683074",
      "authorTag": "megazenci",
      "guildId": "1235987843587772416",
      "messageId": null,
      "createdAt": 1768226710944,
      "approved": true,
      "reactions": {
        "likes": 0,
        "dislikes": 0
      }
    },
    {
      "id": 2,
      "content": "asdasdsadada qweq",
      "authorId": "473436403351683074",
      "authorTag": "megazenci",
      "guildId": "1235987843587772416",
      "messageId": null,
      "createdAt": 1768226783516,
      "approved": true,
      "reactions": {
        "likes": 0,
        "dislikes": 0
      }
    },
    {
      "id": 3,
      "content": "test ediyoruz",
      "authorId": "756971344993845258",
      "authorTag": "mr40spear",
      "guildId": "1235987843587772416",
      "messageId": null,
      "createdAt": 1768226784639,
      "approved": true,
      "reactions": {
        "likes": 0,
        "dislikes": 0
      }
    }
  ],
  "counter": 3
}