[
  {
    "id": "mkb7yz4swy4t3",
    "messageId": "1460269473759100970",
    "channelId": "1235987843587772418",
    "guildId": "1235987843587772416",
    "prize": "50 tl",
    "winnerCount": 1,
    "hostId": "1137453746104840212",
    "hostTag": "no.wait",
    "startedAt": 1768225773916,
    "endsAt": 1768232973199,
    "ended": true,
    "winners": [
      "1137453746104840212"
    ],
    "participants": [
      "1137453746104840212",
      "710755396062543908",
      "473436403351683074"
    ],
    "requiredRoleId": null,
    "endedAt": 1768225796115
  }
]