{
  "1137453746104840212": {
    "totalVoice": 1473362,
    "lastJoin": null
  },
  "763014177710931998": {
    "totalVoice": 4912,
    "lastJoin": null
  },
  "1213430110544207922": {
    "totalVoice": 674,
    "lastJoin": 1766760929826
  },
  "1075073426584252548": {
    "totalVoice": 869,
    "lastJoin": null
  },
  "710755396062543908": {
    "totalVoice": 1468320,
    "lastJoin": null
  },
  "802960359211139072": {
    "totalVoice": 0,
    "lastJoin": 1766760690775
  },
  "756971344993845258": {
    "totalVoice": 3503,
    "lastJoin": null
  }
}